{
  "success": true,
  "data": [
    {
      "_id": "643d69a5c3f7b9001cfa093c",
      "name": "Булка 1",
      "type": "bun",
      "proteins": 80,
      "fat": 24,
      "carbohydrates": 53,
      "calories": 420,
      "price": 1255,
      "image": "https://code.s3.yandex.net/react/code/bun-02.png",
      "image_mobile": "https://code.s3.yandex.net/react/code/bun-02-mobile.png",
      "image_large": "https://code.s3.yandex.net/react/code/bun-02-large.png",
      "__v": 0
    },
    {
      "_id": "643d69a5c3f7b9001cfa093f",
      "name": "Ингредиент 1",
      "type": "main",
      "proteins": 433,
      "fat": 244,
      "carbohydrates": 33,
      "calories": 420,
      "price": 1337,
      "image": "https://code.s3.yandex.net/react/code/meat-02.png",
      "image_mobile": "https://code.s3.yandex.net/react/code/meat-02-mobile.png",
      "image_large": "https://code.s3.yandex.net/react/code/meat-02-large.png",
      "__v": 0
    },
    {
      "_id": "643d69a5c3f7b9001cfa093e",
      "name": "Ингредиент 3",
      "type": "main",
      "proteins": 44,
      "fat": 26,
      "carbohydrates": 85,
      "calories": 643,
      "price": 988,
      "image": "https://code.s3.yandex.net/react/code/meat-03.png",
      "image_mobile": "https://code.s3.yandex.net/react/code/meat-03-mobile.png",
      "image_large": "https://code.s3.yandex.net/react/code/meat-03-large.png",
      "__v": 0
    },
    {
      "_id": "643d69a5c3f7b9001cfa0942",
      "name": "Соус Spicy-X",
      "type": "sauce",
      "proteins": 30,
      "fat": 20,
      "carbohydrates": 40,
      "calories": 30,
      "price": 90,
      "image": "https://code.s3.yandex.net/react/code/sauce-02.png",
      "image_mobile": "https://code.s3.yandex.net/react/code/sauce-02-mobile.png",
      "image_large": "https://code.s3.yandex.net/react/code/sauce-02-large.png",
      "__v": 0
    },
    {
      "_id": "643d69a5c3f7b9001cfa0943",
      "name": "Ингредиент 2",
      "type": "sauce",
      "proteins": 50,
      "fat": 22,
      "carbohydrates": 11,
      "calories": 14,
      "price": 80,
      "image": "https://code.s3.yandex.net/react/code/sauce-04.png",
      "image_mobile": "https://code.s3.yandex.net/react/code/sauce-04-mobile.png",
      "image_large": "https://code.s3.yandex.net/react/code/sauce-04-large.png",
      "__v": 0
    },
    {
      "_id": "643d69a5c3f7b9001cfa0940",
      "name": "Говяжий метеорит (отбивная)",
      "type": "main",
      "proteins": 433,
      "fat": 244,
      "carbohydrates": 33,
      "calories": 420,
      "price": 1337,
      "image": "https://code.s3.yandex.net/react/code/meat-04.png",
      "image_mobile": "https://code.s3.yandex.net/react/code/meat-04-mobile.png",
      "image_large": "https://code.s3.yandex.net/react/code/meat-04-large.png",
      "__v": 0
    },
    {
      "_id": "2",
      "name": "Булка 2",
      "type": "bun",
      "proteins": 44,
      "fat": 26,
      "carbohydrates": 85,
      "calories": 643,
      "price": 988,
      "image": "https://code.s3.yandex.net/react/code/bun-01.png",
      "image_mobile": "https://code.s3.yandex.net/react/code/bun-01-mobile.png",
      "image_large": "https://code.s3.yandex.net/react/code/bun-01-large.png",
      "__v": 0
    }
  ]
}
